Actual Growth Score,Predicted Growth Score
0.5153219742324796,0.16488999
0.7202845579857325,0.12422602
0.8808643361411288,0.28113392
0.25516521289315014,0.3331107
0.6982237908470701,0.4648291
0.6071267251996577,0.2799374
0.30629081499033195,0.367333
0.033901551675681284,0.32243714
0.5125899010844599,0.45884332
0.2962658161431724,0.27403975
0.3033682163368113,0.21296258
0.313481618277705,0.21510114
0.2962658161431724,0.30616245
0.6184457270683535,0.359938
0.033901551675681284,0.35927868
0.4292477574821814,0.35785437
0.05120253834095319,0.34097508
0.24362208265775037,0.36516452
0.033901551675681284,0.186334
0.684241215726771,0.42330554
0.6568434199979926,0.24380493
0.11442963165163451,0.2261722
0.21176295376669177,0.386164
0.24362208265775037,0.24469562
0.09844007281325245,0.27695662
0.2697497027934991,0.2405119
0.27029032973991174,0.22198708
0.6567199056981424,0.2833769
0.584039744889536,0.45031872
0.7269962264653842,0.41054586
0.5166011315379321,0.3468717
0.3755013993513749,0.362659
0.0,0.39040235
0.6021437623365502,0.38444373
0.6248380377404128,0.37606612
0.16206374870442344,0.53458446
0.792237944057871,0.55644286
0.5467259229425063,0.31936392
0.18845597895560712,0.19491404
0.5839478885949534,0.48762834
0.27029032973991174,0.32390895
0.41689380393178715,0.36320236
0.30931794053291045,0.40026572
0.5145588225548624,0.4243275
0.36030465124660976,0.44863334
0.27029032973991174,0.47177088
0.0,0.38545436
0.0,0.33717167
0.3939285304623469,0.3330075
0.2566685967585167,0.22704378
0.3065874124033773,0.44575077
0.6643429023045471,0.39378327
0.5457306405839001,0.3276197
0.5927174987851644,0.20182513
0.0,0.26669696
0.15906469462968736,0.5093131
0.33349145953590675,0.31108603
0.3811514399205471,0.53933495
0.7318283217015569,0.329979
0.2162231084696359,0.34854478
0.6433330098652907,0.46934828
0.4727126783509023,0.4081512
0.34434624670450814,0.32074633
0.054741500948461315,0.3117092
0.09844007281325245,0.33570397
0.0666913744986722,0.27689257
0.28244993830854903,0.34201327
0.6677288478382325,0.37081644
0.2162231084696359,0.3349645
0.27029032973991174,0.28961235
0.1769321107987751,0.49547294
0.6757554378480761,0.39070636
0.6931471805599453,0.35299185
0.11623365247758143,0.29782614
0.7855237764314582,0.5302786
0.38862615926614746,0.30983022
0.12921173148000617,0.31545863
0.6978898904602192,0.44604972
0.191374155606493,0.31721923
0.5875953441366917,0.21391025
0.5245244681241527,0.37123433
0.3703737882968942,0.5397348
0.07439172277044595,0.40886545
0.7545095610407136,0.41597927
0.45354395777525336,0.34307
0.5351571090447151,0.29006714
0.5931139341932722,0.46440542
0.7397751130502348,0.4433639
0.3189450641515443,0.50649
0.6919978018935462,0.37812287
0.5841445167615547,0.33216637
0.1375479702428305,0.2670258
0.6041084737273789,0.38809174
0.7358780079930939,0.30335945
0.6116422289030125,0.40209338
0.2999846221621159,0.50716853
0.5130887451793635,0.45313615
0.15697609885780972,0.3344869
0.12921173148000617,0.4423153
0.3703737882968942,0.52627033
0.5384287412406906,0.53841627
0.7737880533068653,0.39782053
0.5476920277464764,0.3923705
0.30334191232396357,0.38632306
0.18875897616556767,0.37721702
0.667114344365373,0.24464251
0.5409496179259319,0.4042278
0.8077026947566942,0.32858175
0.34627623671783375,0.23726904
0.661120920232446,0.3549048
0.5228214318388845,0.42737496
0.09844007281325245,0.40924674
0.9619838703331498,0.32705146
0.2962658161431724,0.27846694
0.6971173764604173,0.12701826
0.15906469462968736,0.26059023
0.3784821761834045,0.27235913
0.34940966010409175,0.41607827
0.0,0.32110867
0.45503996259388413,0.35698262
0.4255075987040028,0.24459775
0.21083721161419475,0.20016333
0.40024556355663166,0.20377979
0.6400373552459969,0.5111864
0.17261119092613447,0.52350414
0.5619490676277775,0.14181522
0.1733661092893818,0.22095497
0.0666913744986722,0.25910947
0.21104371419237644,0.33159208
0.5119189450952578,0.37855527
0.5876865343794231,0.44355673
0.7863280964129299,0.48256615
0.6435282296719721,0.44191104
0.4764843533660829,0.6100682
0.27029032973991174,0.49042183
0.7581678837249877,0.50712436
0.09844007281325245,0.22053353
0.7260973231481789,0.393581
0.0666913744986722,0.46046624
0.26699714586253614,0.52947783
0.27029032973991174,0.5950592
0.47756971562302586,0.5303851
0.6361508452503476,0.56213593
0.544727175441672,0.63593286
0.0666913744986722,0.3451731
0.35459586504419116,0.36900884
0.33519053627017426,0.5200757
0.28214633894296415,0.36346892
0.4643136869969867,0.11900444
0.5324186039670229,0.36507538
0.1686832639609235,0.2547359
0.55202193500638,0.2792059
0.4668021300237634,0.34838322
0.3796656243607012,0.38743064
0.6810848505821434,0.3231075
0.3939042857070884,0.29177064
0.5245244681241527,0.38921311
0.22045550014799695,0.38799068
0.7194455637631134,0.5137172
0.033942712362810275,0.16243444
0.6898242003945059,0.44887158
0.6401051116844817,0.49461302
0.3103960625425695,0.62464094
0.1725205954928058,0.36166045
0.8226267656644856,0.36497065
0.24362208265775037,0.54347396
0.3449748368058439,0.4830056
0.6975737973182727,0.28792048
0.4975503273600663,0.32023105
0.5499899948668824,0.25746384
0.3215836241274623,0.3171234
0.3819287253342943,0.29696718
0.4672487998221072,0.3215616
0.6634856272095068,0.37815848
0.46286702602269875,0.20591615
0.5662134748461113,0.31987175
0.033901551675681284,0.30121115
0.4692377539837599,0.2908531
0.5086256231867204,0.24694517
0.2962658161431724,0.29085281
0.18805223150293962,0.30878583
0.3312456381653194,0.2251331
0.3313799557450236,0.3559251
0.42845428964638743,0.2649134
0.541394599795469,0.2585647
0.440923052349837,0.27107045
0.18805223150293962,0.26299518
0.49110718784474916,0.29590416
0.7039329359144126,0.32462496
0.5718942303476239,0.33194482
0.1566645709985095,0.3822881
0.2013420461294639,0.36269534
0.033901551675681284,0.33590427
0.8690460503529203,0.42819428
0.27029032973991174,0.2628905
0.524577558441698,0.27364925
0.0666913744986722,0.38804314
0.10355785405504477,0.3775787
0.18805223150293962,0.30151692
0.7122080746782341,0.410559
0.38317976860677805,0.3469312
0.7509988751843117,0.27564368
0.5871876307742007,0.6161451
0.4682592732625474,0.27511135
0.0666913744986722,0.6889835
0.40309864998753164,0.43025357
0.544727175441672,0.3445707
0.09844007281325245,0.3100731
0.8206536003726513,0.2827881
0.574570100077503,0.42656562
0.7363826368166564,0.37685114
0.1593015588910833,0.4428136
0.040736251742353805,0.47075874
0.08920277809987898,0.30692083
0.44250412428847485,0.23989259
0.5146341483574046,0.2285772
0.4393666597838457,0.2755609
0.33995729954280685,0.2517612
0.6068422897733111,0.2956731
0.573046732044045,0.24719729
0.6654821385819111,0.41219065
0.7216677632653434,0.42513412
0.18805223150293962,0.25377458
0.1714573779727116,0.23475885
0.3703737882968942,0.25558314
0.39430363746451225,0.28802466
0.18805223150293962,0.32589498
0.26954761441562997,0.22873436
0.0666913744986722,0.19544701
0.45205293467077357,0.36016166
0.033901551675681284,0.4169131
0.027647288942531094,0.33833942
0.3486134921467258,0.36836
0.3560372722275842,0.20210789
0.49146052724149325,0.26437107
0.15906469462968736,0.45111102
0.5645298027378518,0.41075897
0.3215836241274623,0.6481457
0.6831132626654116,0.35982594
0.38976324549254393,0.4660081
0.0666913744986722,0.5099774
0.3762297938906045,0.3738048
0.6561144898670969,0.3292088
0.19133069303290498,0.33930355
0.6245091501633825,0.25227353
0.37742631240920393,0.29525825
0.41689380393178715,0.6063024
0.544727175441672,0.43228087
0.6906370474104129,0.31730554
0.09844007281325245,0.35640398
0.4505499549978435,0.3625179
0.4993197454240827,0.43278804
0.20629469509372744,0.25714973
0.13191231118244814,0.3046201
0.033901551675681284,0.27029952
0.5191317986093437,0.35708025
0.38920190951474715,0.24768008
0.3285183329181931,0.41354066
0.3703737882968942,0.29382932
0.08140833985988487,0.3053856
0.5988011779745225,0.38235462
0.7619421078888277,0.36524463
0.6757554378480761,0.56984675
0.24566973153638222,0.39583176
0.40755931027789055,0.29328507
0.3363254216643021,0.25406948
0.6958531565471217,0.3876325
0.2962658161431724,0.5375069
0.2962658161431724,0.43316466
0.2627732364867936,0.23630977
0.328903449857973,0.20126022
0.329300035746417,0.29751357
0.7211398776484303,0.25747195
0.7456703718190933,0.2709269
0.3253737080313663,0.20225427
0.6624248546406616,0.23342627
0.5486396198836692,0.33614984
0.25030177868909653,0.36664394
0.3366683597021984,0.48185888
0.5013236712102024,0.28514063
0.09844007281325245,0.28634158
0.23925306699567828,0.40710148
0.3215836241274623,0.26177022
0.70853800554033,0.49826798
0.4930174644991069,0.35138914
0.44957510721933436,0.21286918
0.0,0.26757216
0.4777412736841306,0.1740975
0.6916337603509576,0.1871237
0.2534535180630874,0.33600906
0.6284487082452648,0.42747447
0.2086999639107359,0.2272182
0.8940470531280299,0.24076003
0.26840059490841656,0.34692097
0.12921173148000617,0.6155879
0.08730358199151533,0.28317437
0.8502582726302318,0.30388853
0.13698404867825603,0.31517857
0.3215836241274623,0.26947063
0.605809251037713,0.34383628
0.4755837002345899,0.28851283
0.0666913744986722,0.2905894
0.0591169509292684,0.38801643
0.16341815989532718,0.48443997
0.25922191370250103,0.28860307
0.12921173148000617,0.29661095
0.46439076113536926,0.40949222
0.7797582196908835,0.46887505
0.47961914555491075,0.4410953
1.030607747198246,0.28265136
0.3703737882968942,0.36870673
0.6014350817391869,0.5201956
0.6158757833718591,0.29405668
0.5822402536747316,0.21988714
0.309207302909746,0.2891016
0.20714169386557074,0.423717
0.6614099788437857,0.40984058
0.30038451145588957,0.36907384
0.5589318197455098,0.45740035
0.6580558607486753,0.23032981
0.047489184637323614,0.21952116
0.6575490902100297,0.40833274
0.5518336951204228,0.5098401
0.7333277267862613,0.2905009
0.5530464219580125,0.35161212
0.12921173148000617,0.2699556
0.4112187355892711,0.2029055
0.33242612773796015,0.44306237
0.5701245281181474,0.41673854
0.5708021541486432,0.43415096
0.1257797310013937,0.33075157
0.2162231084696359,0.44585395
0.6682622580212796,0.46325248
0.37814077824367803,0.3881956
0.49012240086253434,0.48959383
0.0,0.280483
0.12921173148000617,0.2666542
0.402682149946313,0.22150312
0.7019258723204411,0.3800789
0.44603667666361096,0.39888784
0.15906469462968736,0.32596475
0.24647002855591216,0.37523478
0.5928770639561537,0.29623628
0.3774804668735433,0.34995854
0.4873929498951606,0.408084
0.7346819130011691,0.19863622
0.0681881891281403,0.21789508
0.5732309583799502,0.34449652
0.4111344680505581,0.37650782
0.3215836241274623,0.32891873
0.4737470800951731,0.342742
0.27029032973991174,0.3524212
0.5372106972815097,0.33596724
0.033901551675681284,0.38384852
0.6438914606907,0.30095688
0.4247662694958762,0.3599011
0.503905180921417,0.17994438
0.4424120819550157,0.24441223
0.7029203808529598,0.20909159
0.6484033058464017,0.40135375
0.5378871384947916,0.33764058
0.45260033975857505,0.21608639
0.7036353782399154,0.24971797
0.27403745849204975,0.4013411
0.4701789679585934,0.17519984
0.6751500960868355,0.26252037
0.6449823120046608,0.27783567
0.3536783354457064,0.29494408
0.22342928390661093,0.40361485
0.7030988619326711,0.3778896
0.0,0.46475282
0.5725520067582969,0.6880278
0.2367924121280534,0.5483377
0.12921173148000617,0.3847336
0.24638185512465727,0.33212718
0.09844007281325245,0.34395972
0.5850247330579651,0.33809048
0.10724663658763471,0.3240809
0.06849083763680831,0.28673115
0.10301536244703562,0.26467496
0.2162231084696359,0.4379092
0.46826423326526145,0.26994044
0.6632944662094733,0.4201711
0.2162231084696359,0.5838283
0.3379188766202589,0.4409967
0.2162231084696359,0.33560047
0.5648909210589619,0.27802238
0.5592940524412805,0.25243068
0.6465355060451016,0.34159154
0.32914864068131067,0.5501893
0.5088032456646024,0.32759768
0.2757821524103935,0.25268435
0.6380256198018506,0.3327718
0.3620498363779145,0.48615125
0.3703737882968942,0.43742096
0.27029032973991174,0.3945277
0.6216882165778004,0.5075054
0.6400373552459969,0.3474356
0.10712902211128235,0.41106758
0.5442005663631159,0.5205799
0.6316167301800447,0.50658566
0.47043665803771906,0.35785094
0.13000101436099387,0.29415765
0.23144568389816192,0.23215725
0.49829454703752024,0.5401435
0.24362208265775037,0.56230533
0.3562406807615205,0.48548687
0.2198041807807439,0.3158772
0.7251399782697828,0.44679302
0.8195677843529866,0.3828589
0.050770895204182126,0.33435506
0.5704903047363767,0.3013202
0.142921180479459,0.3929233
0.5612186871251997,0.46929085
0.7047870454295503,0.4740313
0.6042451079755974,0.4380186
0.13205763771411516,0.63969815
0.10291063516784714,0.41135368
0.38531831281158063,0.21159573
0.22034312304903206,0.298931
0.12921173148000617,0.32413915
0.6401621635097791,0.4155231
0.5482562402685016,0.17950265
0.6305663122506522,0.20098943
0.1379551329445243,0.31294763
0.2162231084696359,0.40483287
0.5363294036755312,0.27996156
0.2162231084696359,0.27409002
0.35433389040554697,0.29188398
0.4979254957777093,0.46125707
0.6129000390107857,0.4460736
0.5424067115626052,0.25902325
0.0666913744986722,0.3770737
0.8330179877593356,0.33978572
0.3563910145943137,0.34124678
0.2861856287206401,0.3489717
0.372302025944798,0.44849336
0.581155147565513,0.21630774
0.15426873934301574,0.29016832
0.5300177317611042,0.38067386
0.6306291943052041,0.26084653
0.7076238147582831,0.3504139
0.6757554378480761,0.27151448
0.7080138256896733,0.330312
0.443291929721759,0.19318032
0.18805223150293962,0.25081277
0.6248810263113738,0.37779748
0.48285177172358457,0.38167048
0.8279512038761867,0.31818354
0.7785546750293907,0.3802518
0.16298126485945638,0.36527705
0.1250270677802301,0.30869097
0.3531439771908332,0.30988142
0.25219818680343764,0.21478495
0.12921173148000617,0.29862085
0.09844007281325245,0.26772973
0.4672998986565605,0.5887459
0.5645298027378518,0.25212547
0.724663977125716,0.1855508
0.12352959579214448,0.23065819
0.2822988049478676,0.46396816
0.507632873465302,0.38681585
0.11921014535594139,0.591497
0.6149523724059732,0.5095867
0.40935752255355595,0.29885167
0.5724199256569173,0.27154705
0.7680517544854071,0.46389702
0.41689380393178715,0.26511553
0.09844007281325245,0.58653986
0.37960950461310294,0.4489541
0.016943958309088156,0.37967858
0.033901551675681284,0.21362498
0.57412440260963,0.23407757
0.39452307909882306,0.20939149
0.0341851256418074,0.2690449
0.6856764633353557,0.47163472
0.45927006840545176,0.38660842
0.7427946145346571,0.23581268
0.6576179296340812,0.31572518
0.15906469462968736,0.31535158
0.461345566502621,0.3127836
0.3314796592178801,0.33737618
0.40224849372112825,0.32109603
0.5839478885949534,0.33477005
0.6910613100578009,0.2988715
0.6400373552459969,0.26505744
0.1748693102381165,0.20590262
0.36290429540992264,0.2899225
0.18805223150293962,0.24832067
0.30187151276770097,0.3664453
0.18805223150293962,0.40751457
0.43016722814837766,0.5822056
0.7639175830077806,0.3985496
0.4478486916100298,0.32757908
0.5478057559487249,0.2835866
0.3648346042929613,0.24188638
0.02857914111512622,0.44726908
0.44518177382319957,0.31798935
0.41951181591356346,0.24277483
0.18805223150293962,0.36567816
0.3732051088180497,0.46734294
0.0,0.2708666
0.7109452747354221,0.24687812
0.5370679134878742,0.17842421
0.37702191496254156,0.4110786
0.47113328561556433,0.49337077
0.37181833765607636,0.39147902
0.5690091403552024,0.21642016
0.7412091549428688,0.16322307
0.04925906737606765,0.37384856
0.2961974578785228,0.47105756
0.09795998721373354,0.21707326
0.11605528410020799,0.33590955
0.6800099879153069,0.37989366
0.32111120736131094,0.3229932
0.22874448347949658,0.36491022
0.15906469462968736,0.25970948
0.6155889253942814,0.2960244
0.5971063990349569,0.49643004
0.7578953245562978,0.36241576
0.6057523395903699,0.9149233
0.7289746616009773,0.38904482
0.06938144741573812,0.34784925
0.2162231084696359,0.31424078
0.7185166741866733,0.32748842
0.5166045866145593,0.32233697
0.8037224112042637,0.26118726
0.5927345842275644,0.27451515
0.6111143270998498,0.20960224
0.2623513062650518,0.43548816
0.09844007281325245,0.45210916
0.2222618921728685,0.37352413
0.6996521860612653,0.34640118
0.4013164783965484,0.28302053
0.6565276576908026,0.2905828
0.6021569541186275,0.6009142
0.7520120963720829,0.43255982
0.34627623671783375,0.24483095
0.12921173148000617,0.31829536
0.13601208110456336,0.4563474
0.4142004620478652,0.38240248
0.610149377359061,0.41851085
0.24362208265775037,0.36556348
0.7204864839261983,0.3607345
0.09844007281325245,0.5494879
0.033901551675681284,0.5529866
0.7376362141432496,0.28845227
0.6172737697672832,0.36074266
0.6049085471875616,0.46949697
0.026114684449831654,0.4009073
0.15906469462968736,0.3932834
0.8706967003069671,0.28974748
0.18401687776000156,0.2695357
0.5026594063093287,0.5309567
0.0,0.2830168
0.3137351369642936,0.33830798
0.4078589662006731,0.32082003
0.9621483684266271,0.2657102
0.532802300632068,0.30938184
0.2412786853310386,0.3470868
0.3215902533738748,0.19786552
0.9495470629980666,0.25021484
0.12421942475280849,0.55076945
0.6435893496631078,0.3554983
0.5245244681241527,0.41595277
0.6379025875222799,0.53197736
0.6285712755206032,0.55117893
0.3443723132203503,0.51699233
0.34862714214982826,0.3060198
0.0,0.5615328
0.8143340763417539,0.41364238
0.0,0.42934936
0.27029032973991174,0.43284288
0.47416486358572274,0.37596443
0.736729824779274,0.29116222
0.4673627612150068,0.38206032
0.4779698767602265,0.33710235
0.17439292615117674,0.37253338
0.49887527691089295,0.35483325
0.4551373319209338,0.47976688
0.7658181280903794,0.69912976
0.24362208265775037,0.47288176
0.4859455337617986,0.3894619
0.3341687737539858,0.39590693
0.5056249966694274,0.36938652
0.5986603848229826,0.2586754
0.7074782353436598,0.3332139
0.8981577334577513,0.30802885
0.5243663571798712,0.42846033
0.27029032973991174,0.40362194
0.12921173148000617,0.7157764
0.18805223150293962,0.4390671
0.1770687833389841,0.25753278
0.1221469304450585,0.28803167
0.6843272180320223,0.48925093
0.3962009913241198,0.3393579
0.652743344941108,0.42260072
0.15906469462968736,0.431773
0.6263976139392611,0.39165327
0.0,0.39988747
0.37105535533485207,0.50583166
0.09844007281325245,0.41385552
0.6022511158099444,0.28983992
0.033901551675681284,0.64091784
0.033901551675681284,0.49924457
0.5921462417959918,0.7108154
0.7282233842393676,0.5568651
0.003946255119735088,0.4420793
0.32692704865614225,0.3414456
0.23098141699137986,0.48078403
0.283328789998026,0.32252365
0.3290763271033248,0.4930249
0.18805223150293962,0.5264709
0.48323117162216533,0.60991895
0.5904397498185618,0.28591868
0.8240153045745894,0.4507961
0.6984343824359422,0.22489618
0.6277121151006549,0.29945433
0.5820416573534892,0.36915994
0.22073992789884092,0.5099143
0.4327554671541442,0.32612696
0.5964254519974218,0.4733969
0.828796699210955,0.4403959
0.8130986832408833,0.21275643
0.42135263759135866,0.44157588
0.8452739862884631,0.3167815
0.7857042619554062,0.349725
0.7208966657938568,0.66856104
0.679064298931989,0.5329111
0.7766242314782023,0.36802396
0.6109751515639512,0.34272078
0.47718833366076346,0.31651202
0.38174002230379966,0.42185166
0.2485328361224054,0.40318218
0.5757607289677217,0.37074563
0.6219713000175169,0.2257137
0.3857523928288982,0.40170118
0.715901275516607,0.3138337
0.22581988795680705,0.47866735
0.5821004297137818,0.24383645
0.39660042453196714,0.31803957
0.38917427223300843,0.40482217
0.2162231084696359,0.51213026
0.4805121318295722,0.37109518
0.7161676310013455,0.34318995
0.46898785078250066,0.36249807
0.0666913744986722,0.36860803
0.5119892643908147,0.23266953
0.41798805492027064,0.31612659
0.3914218799907011,0.3159394
0.7113798663447758,0.24272576
0.5964188734137607,0.2716283
0.5431838943615779,0.32249364
0.6313319225133558,0.40005907
0.34627623671783375,0.35605457
0.7431865999952665,0.37804055
0.6129278771337365,0.38477352
0.22639658316589062,0.43117532
0.48404298971354487,0.39166787
0.457626762589859,0.36249414
0.497609374554005,0.3030648
0.27029032973991174,0.29099187
0.2218396380075667,0.35654992
0.4849660414140848,0.55184853
0.5802880902893013,0.43608093
0.6179672981854886,0.38253552
0.29357450932781987,0.33083248
0.07971976449582824,0.2554068
0.15906469462968736,0.1908733
0.5839478885949534,0.24759062
0.6384111084045867,0.5853611
0.5839478885949534,0.45560372
0.855512143191365,0.35862458
0.3821892817322074,0.46143246
0.01446447737058053,0.38304302
0.34627623671783375,0.3148229
0.27412621281341887,0.6163014
0.12921173148000617,0.3005846
0.5645298027378518,0.29868004
0.764908166966564,0.3492855
0.752624889875228,0.29569578
0.7203184484481807,0.3991753
0.15906469462968736,0.32078964
0.47784514951976564,0.40608227
0.09844007281325245,0.43763992
0.6246659287563171,0.61224616
0.0,0.46438065
0.32945960204308194,0.31293902
0.15926141920688056,0.45153815
0.48449934465520766,0.24313988
0.29629965681627846,0.26514876
0.461345566502621,0.34222484
0.8060303019638704,0.39476964
0.7213770550301692,0.45562264
0.7163469093226711,0.50911057
0.5179305204012571,0.4331022
0.05036304471889465,0.49175233
0.7410134455617556,0.8879185
0.27029032973991174,0.38301983
0.5075850289678078,0.3714621
0.25662274721704226,0.3889716
0.8796171614979706,0.2832169
0.0666913744986722,0.42948133
0.7276174317926146,0.47855344
0.8139867212248066,0.32502878
0.10461616279887807,0.35887042
0.4465822802186912,0.3515633
0.5256597863591871,0.30083323
0.6029960835656478,0.23722565
0.23733826451551499,0.23189689
0.23646694018802694,0.31332338
0.6947722541026257,0.38933733
0.7323369395717344,0.39652568
0.5741003876557309,0.31987846
0.8911414725640876,0.25579178
0.730092599061011,0.29152086
0.861461144256464,0.21363646
0.19083708594225024,0.20641233
0.6734308481809964,0.32392362
0.24362208265775037,0.3804554
0.44840805954936647,0.34023625
0.7492178200001666,0.47790274
0.13637851435244813,0.32279888
0.7632148561688198,0.24656534
0.2567970772195245,0.3394202
0.5502659896738246,0.29997274
0.7168404689320997,0.32410863
0.3798128848426085,0.29500917
0.4890094002981091,0.30328852
0.7442024535140569,0.48072925
0.0,0.35938966
0.033901551675681284,0.2850233
0.42934672285443226,0.16865614
0.3022359568466514,0.26844192
0.9020228748604907,0.27013025
0.28947476679791717,0.23622659
0.08532128693860984,0.26603416
0.4764057723496296,0.32678702
0.09844007281325245,0.39136526
0.12921173148000617,0.2432029
0.5501956091920542,0.35428417
0.13534121004080607,0.48067307
0.25968027879302097,0.31395465
0.18805223150293962,0.24223821
0.5550263222783074,0.24200721
0.697285373664358,0.26673022
0.25874835195416174,0.4024294
0.1665106248903965,0.29340118
0.26397459060456147,0.42061964
0.7530824863680455,0.43526262
0.24362208265775037,0.37334993
0.03430520281248791,0.42109933
0.7613112246029596,0.27272606
0.27029032973991174,0.21669044
0.6414661848618867,0.38629895
0.24362208265775037,0.24410267
0.0847266588641257,0.31088397
0.325718255346085,0.4367471
0.5948860444126312,0.53447
0.0938889228279417,0.44314584
0.06607367728217156,0.26305726
0.4514100847432206,0.4311434
0.5907260419742036,0.3523317
0.49710376507614773,0.4244753
0.7065456797132496,0.38891563
0.19470588677594633,0.3089488
0.474922692771869,0.50927186
0.5645298027378518,0.5342801
0.7566125239944895,0.42649782
0.2962658161431724,0.4790081
0.8415824033451417,0.32346863
0.782221266685729,0.30319732
0.4199845038343743,0.17189807
0.4393666597838457,0.44673344
0.0,0.3052733
0.18805223150293962,0.29462105
0.3767942913417845,0.30305105
0.6260381709502933,0.20650107
0.1496291623965444,0.27628103
0.7420091995557876,0.3743289
0.20433970198551094,0.3528778
0.4074499977052513,0.35737467
0.27029032973991174,0.27262926
0.7601944656174446,0.32564822
0.11748286446800357,0.28577563
0.48285177172358457,0.4552383
0.8682060745405287,0.39372742
0.09844007281325245,0.4894146
0.2244281063036618,0.396265
0.6910167664870037,0.38806862
0.7363618112601958,0.45015353
0.033901551675681284,0.23244542
0.4587918812098188,0.23172954
0.6089348729002148,0.37233838
0.6874547224589707,0.5406162
0.4075744817354376,0.3492589
0.3215836241274623,0.67453724
0.505713698928486,0.6369286
0.5868704089174214,0.6478257
0.31626511367869053,0.27639884
0.033901551675681284,0.28061414
0.6531281038475094,0.29732284
0.3205814041371342,0.27209365
0.4075694639155685,0.28153646
0.3093071012824231,0.40470213
0.40916543340634126,0.6113002
0.2351040492371909,0.35972154
0.5127699500978017,0.38083935
0.5805745675183358,0.18472087
0.09844007281325245,0.20965725
0.5470557293001129,0.61726713
0.5144795906994485,0.36359662
0.033901551675681284,0.17808355
0.28259470621234734,0.26881528
0.652853573470142,0.3601159
0.5793038344248468,0.4395674
0.6858473737988775,0.27628952
0.7322551105760673,0.46676943
0.6135300585700663,0.18140747
0.6931471805599453,0.320276
0.6132038653021012,0.47711366
0.11186417555521141,0.4353441
0.4393666597838457,0.358512
0.47855849040868537,0.42385983
0.25895142001607296,0.5017569
0.4393666597838457,0.36204264
0.30867022873878797,0.240259
0.18805223150293962,0.24719255
0.12921173148000617,0.24941553
0.23367405047190648,0.46303472
0.24554316203244872,0.36255023
0.08279059370607922,0.42631286
0.46354659110131863,0.39649183
0.34672226725677935,0.46850023
0.38852786903150527,0.35938835
0.7337564018927732,0.4348428
0.21305633535597038,0.40254036
0.2536638347016591,0.3833174
0.4403177627408404,0.32749522
0.617976983044728,0.20677818
0.29834253723833576,0.2798652
0.26116356902869825,0.3055864
0.41591084609419265,0.26529852
0.5625514759674983,0.36223382
0.18805223150293962,0.43819928
0.48285177172358457,0.54031676
0.09055359488954888,0.3335389
0.6937342286391144,0.24429545
0.6255849662550809,0.41159177
0.12921173148000617,0.44459328
0.7100817589858858,0.826254
0.244877717793901,0.49602365
0.2269649895967383,0.29986268
0.33022204713714415,0.28540146
0.2855375374892197,0.42076513
0.7052906927253264,0.3613074
0.40206166818569156,0.7476998
0.09844007281325245,0.35618436
0.27390558513513835,0.38861
0.3215836241274623,0.42153484
0.4856542618549099,0.22764324
0.7515177596474724,0.2699376
0.7417503748673584,0.3252663
0.6916655633913564,0.36175016
0.23042713214871477,0.3460312
0.646361567276736,0.7159281
0.16206696198133955,0.32149082
0.7688638676129805,0.27306142
0.13704515528320188,0.19367893
0.3994865757652449,0.2897783
0.9536574841883896,0.30889297
0.1684712709249133,0.34545138
0.2162231084696359,0.36119947
0.09844007281325245,0.29042667
0.5231787264384342,0.32965082
0.18805223150293962,0.50954944
0.0666913744986722,0.71445763
0.6717225253485848,0.4318051
0.6871627208322946,0.2815904
0.2704064387763788,0.34433535
0.5453436289804503,0.5963562
0.7270230664679139,0.59422976
0.36552384558137135,0.4705441
0.07941281644986682,0.26417106
0.5728807093119705,0.32238644
0.371623444771887,0.24120562
0.7737261923053551,0.2743516
0.27873731312685457,0.29083678
0.18805223150293962,0.2639563
0.19955833443258505,0.22571251
0.16708860884060475,0.28413638
0.6239776785198532,0.4090596
0.4002121155572583,0.45081833
0.07156117407113621,0.43379033
0.711519698490506,0.22541322
0.11985799767817512,0.25143838
0.30307591508321186,0.50358677
0.6814516369966034,0.30574343
0.27029032973991174,0.24960053
0.5216404998678824,0.16469872
0.7218959545406519,0.31322458
0.18584413473059214,0.34194112
0.04503539236826531,0.34500203
0.3269572524471769,0.3930878
0.5426041432963481,0.43424946
0.7169062175150634,0.6163559
0.6672166832250173,0.787947
0.45262248286111995,0.40980121
0.7231913741695203,0.42708415
0.6458220636734653,0.36429504
0.12921173148000617,0.38289782
0.6221220432225363,0.28895092
0.44421360677865745,0.3737221
0.51442735440835,0.3713182
0.7256555301424382,0.3536214
0.7784372560735908,0.22718161
0.1535593600433536,0.3280173
0.13014850597877492,0.31776103
0.503905180921417,0.26587826
0.6444122411948867,0.37923896
0.2341594124731163,0.46179414
0.5839478885949534,0.40708947
0.18826551985857173,0.49233788
0.5020723378612129,0.39008072
0.7993067892835855,0.32949612
0.0666913744986722,0.29178137
0.34627623671783375,0.5855779
0.5253449259297354,0.22995685
0.3609498889265238,0.25219968
0.48285177172358457,0.4257654
0.5317337979410443,0.32184723
0.14344625222601454,0.3712338
0.5025351651898069,0.51201236
0.22147527456563296,0.29705393
0.461345566502621,0.41062862
0.12921173148000617,0.3803825
0.3696257096117228,0.26326987
0.6237329100442729,0.39936754
0.3608037135066967,0.53956354
0.5865207832160148,0.2972387
0.5245244681241527,0.29053822
0.7105693717305431,0.36337158
0.0666913744986722,0.3213569
0.3855868205409211,0.23964964
0.19194607565304087,0.37333992
0.29634158885121314,0.25313494
0.6034875546796536,0.31264547
0.7238280739335743,0.3360356
0.12921173148000617,0.31251273
0.5949169190135571,0.2563605
0.6641361408804866,0.3494202
0.7221323312440816,0.3614212
0.3391577897074764,0.3868735
0.6408991158563383,0.36327636
0.45493928701682645,0.41927344
0.5987752455963403,0.45326972
0.09844007281325245,0.5679648
0.46970851581706924,0.45664707
0.033901551675681284,0.5002318
0.3811191716191678,0.3117542
0.4512507370023219,0.35002026
0.6400373552459969,0.47794595
0.18438450439726622,0.41137505
0.3215836241274623,0.2893297
0.4337022204516735,0.3957968
0.9018874631038559,0.27513495
0.7219228420412728,0.42876357
0.611222710252609,0.27458772
0.544727175441672,0.31624064
0.6763247506691423,0.458598
0.601864248447918,0.48657376
0.3903127804250338,0.32630953
0.6470856261409401,0.2635728
0.6299264072501027,0.2880944
0.059471603611752286,0.38189408
0.15906469462968736,0.41195554
0.25544523450443785,0.48604196
0.46160191401075107,0.2818129
0.5164296545248321,0.32784984
0.6974754615214768,0.34163123
0.6098742933590482,0.3856382
0.0,0.32197118
0.4490425140700241,0.24302351
0.2201777655415549,0.33311513
0.4669344879671468,0.4179819
0.643085504314363,0.4444198
0.6753982734387186,0.42567658
0.5542434137664112,0.37446624
0.7302606018784048,0.38075247
0.09463281570103253,0.57911927
0.1786830763446012,0.23212394
0.4938542762644732,0.26451632
0.22814913303930234,0.28323346
0.20184212487926112,0.38457203
0.8467935894640537,0.32249525
0.24362208265775037,0.35937548
0.5133215731248436,0.23104863
0.3117773962661648,0.33245906
0.3973724108665054,0.29224578
0.2547933425686093,0.5845208
0.7394291348167692,0.7342713
0.4554757229682997,0.44370723
0.6370852857884568,0.427322
0.6216882165778004,0.23796605
0.13285270504223723,0.27913392
0.7236013035906196,0.37891257
0.5645298027378518,0.2837826
0.20759527248348347,0.31638837
0.34915373952638534,0.3428249
0.3703737882968942,0.35803804
0.07436337256226687,0.375569
0.8074750042694078,0.40327793
0.2562721765480857,0.28795576
0.32891990036386864,0.2940143
0.4562171381768478,0.37664995
0.322169068625744,0.28931987
0.765015338703303,0.2950227
0.4495823867567012,0.2356245
0.34627623671783375,0.28268978
0.18805223150293962,0.5866086
0.23238096309746498,0.36011124
0.6445113963328356,0.4596878
0.5839478885949534,0.4248264
0.7405635113416565,0.35223383
0.5811238289494062,0.26871067
0.3403956632487578,0.23045895
0.7844963721052874,0.46003625
0.6216882165778004,0.34391737
0.09337865627658667,0.6019418
0.5839478885949534,0.43122968
0.27716916600790453,0.35747743
0.15906469462968736,0.4558939
0.3116966193892531,0.31748325
0.590944613071475,0.22940262
0.7172230664943247,0.35291833
0.544693770321929,0.3074152
0.19168031227481544,0.23072529
0.5181313289985766,0.30728072
0.3215836241274623,0.24398316
0.738699638007988,0.44425842
0.42313122375215484,0.31245717
0.09726704236041439,0.2326458
0.795070290953722,0.35795736
0.4837678267493742,0.34703583
0.38275316172449425,0.28826004
0.6487635424006637,0.37716767
0.0437565816852111,0.5192201
0.27029032973991174,0.30445892
0.6282069487014162,0.4894744
0.5434896302967668,0.30121887
0.09844007281325245,0.20066023
0.09844007281325245,0.16269697
0.13440275735721557,0.2547227
0.7764147630092272,0.29692748
0.5519619917738097,0.50567067
0.49625785510496806,0.6920162
0.2763504894405984,0.37117553
0.3246893707680388,0.6198491
0.10345099165210932,0.4691276
0.5055533525936801,0.28521252
0.5765236683555603,0.119816
0.15906469462968736,0.21562108
0.24362208265775037,0.37811735
0.12921173148000617,0.45495364
0.33939763914395155,0.41545662
0.4951805222466181,0.57634693
0.5257166872599799,0.33194953
0.1428926082514705,0.35739338
0.3000342827629273,0.40270582
0.43075011276211694,0.4769975
0.5586600015667778,0.26380998
0.5567523377556243,0.25656396
0.6370481380119475,0.295537
0.40091582415661126,0.2462259
0.6216882165778004,0.34199387
0.0,0.40832514
0.3671775109087529,0.305147
0.24362208265775037,0.5795082
0.033901551675681284,0.3331593
0.18805223150293962,0.35036242
0.27029032973991174,0.369195
0.5072334848872183,0.3734943
0.47663276333849025,0.44365135
0.8045815202338724,0.24983142
0.7241136989907111,0.22960806
0.5599125389443081,0.41382807
0.7424253680090245,0.2365848
0.6798247359236773,0.18069887
0.7030247376050341,0.31991443
0.06494144098898512,0.57077384
0.7067269365044452,0.6330002
0.0,0.46365985
0.24362208265775037,0.33841267
0.6126551874992773,0.3603453
0.0666913744986722,0.41491565
0.0,0.25606126
0.44863478573638466,0.47307256
0.8640565709048852,0.6653007
0.09844007281325245,0.3350667
0.5832701985571754,0.37142807
0.687625164473311,0.17217402
0.0,0.31171894
0.22630103835940468,0.2985792
0.03063395371368758,0.29291576
0.5345330844766213,0.2743405
0.6396854387520964,0.29236475
0.5742725022994469,0.25049636
0.29333110396660955,0.1262813
0.503905180921417,0.19161925
0.4188684958155958,0.28930607
0.4033013799404883,0.28903538
0.323360783943648,0.43788376
0.5884830872249173,0.5064746
0.4165025842361206,0.27544665
0.15906469462968736,0.35366207
0.5574810337484574,0.24491398
0.6643781531856795,0.3799257
0.39510180486553387,0.36906663
0.18805223150293962,0.36109948
0.18805223150293962,0.18979464
0.3215836241274623,0.46275872
0.2537067063065948,0.33352983
0.5781888063843562,0.2697652
0.6052015763757901,0.18510169
0.15906469462968736,0.42230937
0.39487270790882417,0.26700562
0.11757040964475972,0.27230582
0.6375253705087043,0.39484355
0.09844007281325245,0.31419906
0.575971016829116,0.33316645
0.42394327562617323,0.2855003
0.6086487786961621,0.38121033
0.5646213354853342,0.36090025
0.20071118094088297,0.4593701
0.6127911887446539,0.3503437
0.24362208265775037,0.25807068
0.23655249741298923,0.32581377
0.5053387747043343,0.29560822
0.79644855582276,0.32687557
0.3939042857070884,0.42471114
0.28015346870965635,0.2884813
0.4576704771102141,0.7738217
0.07893978169943383,0.7817104
0.3631632272655988,0.2298082
0.09844007281325245,0.3366239
0.5170152068755768,0.4091519
0.3703737882968942,0.34559783
0.1535752735355888,0.44967645
0.0,0.2817431
0.6352462213098314,0.53917927
0.4698775508541654,0.4846795
0.09192907308478085,0.3780754
0.0666913744986722,0.6586035
0.8239677927600797,0.39151904
0.28065520841023767,0.3200907
0.6482338077275958,0.27006212
0.5061865337937119,0.2662086
0.5015446614649887,0.2609659
0.6493618618509873,0.29928097
0.48285177172358457,0.3021359
0.5357447646865603,0.20017727
0.2366297788166001,0.37969634
0.3088892195336252,0.15252842
0.14052982747476958,0.20727585
0.3223176749965398,0.26694113
0.34879526997122934,0.4341683
0.8566924940074777,0.8064876
0.8320772976311207,0.33232576
0.8663656458617853,0.26334298
0.1778788237855841,0.3898034
0.34704020776073774,0.29551253
0.27029032973991174,0.2975358
0.11250706444884724,0.33630073
0.17091851553773374,0.37276617
0.3643453076883503,0.27724546
0.7410155275750341,0.18436928
0.252898208446161,0.20984554
0.15627116700152477,0.23811632
0.3103212559903548,0.30350828
0.30006950847002023,0.26618025
0.6458156904773766,0.23795016
0.1308971856629458,0.32567418
0.3703319428687321,0.30921203
0.13998122772726998,0.31941414
0.5653280490247224,0.30792412
0.730739374795107,0.51053077
0.045947896729982486,0.4168664
0.19370479591002343,0.4657017
0.6125107279249615,0.39178392
0.6724104285800576,0.24098271
0.5263400600966655,0.59175813
0.305981210243335,0.4303501
0.6010616345416864,0.4067947
0.033901551675681284,0.32074815
0.680762292806076,0.29357237
0.5158544969004325,0.42286566
0.24362208265775037,0.4385013
0.6235872371597049,0.28933823
0.5963600646118752,0.33825007
0.725420232667756,0.23516819
0.3169622186403706,0.25630036
0.23357414642768454,0.26304126
0.3703737882968942,0.26893365
0.6143989987349507,0.49609536
0.09776808013692402,0.51433474
0.8011077918531647,0.24375214
0.4283945587528336,0.3489597
0.18808350668470225,0.540904
0.6823911254697763,0.5169264
0.4702406313424737,0.28839543
0.18805223150293962,0.3412107
0.18805223150293962,0.4126128
0.461345566502621,0.28051302
0.6721310307404194,0.45624673
0.28309000928883193,0.394114
0.2162231084696359,0.55657166
0.4847304876889895,0.34800485
0.10889217937605893,0.16756096
0.6959108856815632,0.27619737
0.9304407392704725,0.37323958
0.28197452885254454,0.25482816
0.21872064289906942,0.3565324
0.5645298027378518,0.7004862
0.34023525141671185,0.44256783
0.592224707014723,0.27909088
0.8947158763229075,0.3622966
0.752804578028826,0.30629
0.5964675028100804,0.3949726
0.09844007281325245,0.3444962
0.3786030455506692,0.3847015
0.26479123855215625,0.36645955
0.48468037582800877,0.5416598
0.0,0.6941233
0.2383434158486672,0.37323767
0.5119352438936038,0.4497622
0.6890312310231921,0.3220069
0.1295021912799083,0.4847969
0.3215836241274623,0.4019377
0.25061887454555726,0.24352768
0.461345566502621,0.3416479
0.12921173148000617,0.38466054
0.8746418783306166,0.43945232
0.7984210282084298,0.42165208
0.49839673786497574,0.34966898
0.3281456992705991,0.25053114
0.7183184494140332,0.33903202
0.24362208265775037,0.45265558
0.3980356324567189,0.46908924
0.6761357260163348,0.29545385
0.12921173148000617,0.29480907
0.2803647406844588,0.35192913
0.6765747964307115,0.30459014
0.3703737882968942,0.33969444
0.5767960324801115,0.3459202
0.4393666597838457,0.4301866
0.033901551675681284,0.57765853
0.6098295616471874,0.28705448
0.42127954163105163,0.3479457
0.8039029703814521,0.28396562
0.41560279806267636,0.26056737
0.41689380393178715,0.4927507
0.08117324294046023,0.277086
0.6766150337215919,0.25615594
0.033901551675681284,0.33530527
0.001689679159291606,0.3304061
0.20845307199659974,0.43314382
0.7155961088951314,0.386733
0.15906469462968736,0.3408446
0.033901551675681284,0.4817569
0.4697111050916273,0.6252412
0.4905194644149361,0.36410514
0.27029032973991174,0.30564734
0.889877449486991,0.33870676
0.5812885933815816,0.23571977
0.19270276471561296,0.31969988
0.27029032973991174,0.3896514
0.12921173148000617,0.21903358
0.15906469462968736,0.2093933
0.6770873811406425,0.47642243
0.3703737882968942,0.36062673
0.31286710446097254,0.3946676
0.786352910037931,0.3129248
0.6237156998106422,0.40254712
0.09055141354809557,0.24056913
0.27029032973991174,0.27971715
0.5749094603561355,0.30998948
0.5206657359509486,0.4109226
0.2962658161431724,0.3553041
0.7537577773496131,0.38838103
0.17155474811114263,0.4956249
0.2886933798936366,0.52151394
0.289846850238973,0.4390626
0.397662495126329,0.3703297
0.8733156080991579,0.5041779
0.6526048156846399,0.5584925
0.2313809833130042,0.3938185
0.023519175072443898,0.33059868
0.48137155182151226,0.32848644
0.9395750500739074,0.20569728
0.008098194417993407,0.3027764
0.6973129300104876,0.47233006
0.0873109071006895,0.42147285
0.6948131567688386,0.19935335
0.5645298027378518,0.34783345
0.11963771899887624,0.3899646
0.033901551675681284,0.36725935
0.5132782039138892,0.3762946
0.6398290450982367,0.319484
0.5302872110839113,0.20319161
0.09497004604849023,0.24841607
0.5433139135858256,0.3317716
0.6525402238313525,0.3953307
0.35783545409704737,0.25910932
0.7815538787873204,0.20546828
0.5502491375274943,0.2267519
0.38983149783727966,0.30396152
0.0666913744986722,0.37871554
0.4291066206608817,0.28505272
0.4978860414074452,0.20311163
0.43874703973670615,0.24012886
0.12921173148000617,0.45147926
0.4745998814172439,0.28954598
0.3812162930054616,0.27545866
0.21390449096202932,0.4096835
0.44081806309444826,0.6248502
0.43685801725337087,0.42325622
0.1452846690366855,0.6182137
0.28728238307042814,0.27216277
0.27029032973991174,0.29803348
0.34697340463032894,0.39033574
0.15945736456282222,0.5188293
0.7585005574060361,0.3275454
0.7988257459160149,0.4544652
0.3707983452634435,0.5645112
0.024522729904459462,0.5269149
0.5098442903512614,0.587173
0.13889299554485615,0.6471406
0.3703737882968942,0.58063823
0.302457610500338,0.43161407
0.12921173148000617,0.6347199
0.6216882165778004,0.52041304
0.7791859161109496,0.4777468
0.09844007281325245,0.2833106
0.0,0.48865274
0.8290188116498491,0.5158965
0.17464000876651656,0.45273724
0.06040205674198273,0.3400182
0.45449722318452496,0.30473208
0.6024431521882162,0.35974845
0.66660631930491,0.37803313
0.15906469462968736,0.38304964
0.31129213592636407,0.32169637
0.6527151764874588,0.28899974
0.5497114253919788,0.5118888
0.4879471929154382,0.38235676
0.7041641340340142,0.37236607
0.45837753393605674,0.3380768
0.27029032973991174,0.1900128
0.20380618982904794,0.30115232
0.9089024367029794,0.20814168
0.25610359364757906,0.32869086
0.12921173148000617,0.31493542
0.6877280182998153,0.42011356
0.15906469462968736,0.31280214
0.6005374383762754,0.27233925
0.7699946210426093,0.3583573
0.20745168365163907,0.41843122
0.4936812556242477,0.5279239
0.09844007281325245,0.36065623
0.27029032973991174,0.22326688
0.33328330137296874,0.3581635
0.49729953213994055,0.29743648
0.41689380393178715,0.19107373
0.3670752274622656,0.33122107
0.4393666597838457,0.5821833
0.509980366894885,0.34043002
0.3215836241274623,0.2931135
0.544727175441672,0.50976807
0.18805223150293962,0.4692263
0.7881205623006292,0.2742611
0.6597511296152009,0.40989658
0.7707666106129051,0.4640543
0.47208048249512075,0.67088145
0.20046675835507471,0.65291923
0.546914311198338,0.57547414
0.3605103732078594,0.44517264
0.6166509563966023,0.29207167
0.06464042917175962,0.26624313
0.6580558607486753,0.2449039
0.5809004340718973,0.16231197
0.18805223150293962,0.30305362
0.7662355387368108,0.35034996
0.27029032973991174,0.27831408
0.09844007281325245,0.32316813
0.5901659064661197,0.5449402
0.5741633383003212,0.53743887
0.9436229400650636,0.18883415
0.7319442897856103,0.4005323
0.5875961521477345,0.26708007
0.427096301163025,0.41312584
0.10514548586561158,0.6033689
0.44316571612535055,0.30554193
0.15906469462968736,0.18289901
0.4225673083962617,0.26771334
0.20221201547416276,0.15942249
0.4407830860774519,0.12327756
0.3993611307460917,0.18340455
0.575090058202054,0.45216703
0.13647972680083773,0.33350515
0.6662590496470223,0.24012819
0.5116837969842182,0.21714072
0.6696286664863004,0.47333962
0.24362208265775037,0.34045896
0.36926286133792374,0.27593726
0.09844007281325245,0.3677867
0.6018683846345043,0.30162087
0.5973583763801588,0.35332188
0.45400401353922204,0.39275166
0.17540631392575,0.33162457
0.5543801879791728,0.5405797
0.26026818547832076,0.49295267
0.1934634514012209,0.4208293
0.6974724833312448,0.152308
0.6728577999930935,0.38451803
0.8480025145139791,0.24594982
0.9156801837705512,0.5038451
0.00542277636088231,0.4015157
0.5240431517408023,0.29544184
0.2962658161431724,0.2977968
0.2162231084696359,0.29259333
0.5583169472759171,0.33344218
0.19726628873391353,0.472823
0.3563939385264936,0.33540264
0.7315518007057518,0.68159604
0.12654169864979667,0.5284974
0.6105615516460294,0.25423065
0.1259322399107027,0.23929246
0.5656513159971445,0.22445513
0.503905180921417,0.2981587
0.24424973759705806,0.5663543
0.28844944137435463,0.62411696
0.7889670469188655,0.57721645
0.6195800846966415,0.49363375
0.24362208265775037,0.30265447
0.3716907268053918,0.4047571
0.2962658161431724,0.5260304
0.2904964877964356,0.48798376
0.6670212363230372,0.35668477
0.7042807642793164,0.5836649
0.18991893538253338,0.38604653
0.43621940815178945,0.3352392
0.6443932754154751,0.40877175
0.46337800001971646,0.42387268
0.7428490664458203,0.26621595
0.676185390077762,0.2937774
0.5524752433224758,0.29490674
0.19390979443053388,0.29704097
0.325259000533185,0.3243797
0.6468901371069002,0.21578217
0.25088334016510117,0.2419036
0.6634747137200188,0.24842769
0.4027563677924626,0.47547054
0.36913820352145676,0.37271973
0.12103421418952003,0.50725347
0.13311327517426277,0.46174112
0.033901551675681284,0.6855424
0.61693253835276,0.87664825
0.09844007281325245,0.49982756
0.6854616405304916,0.3916727
0.0,0.43396235
0.7480838055428042,0.29795298
0.5649416341389525,0.30304602
0.5215802962291871,0.486686
0.6742878052168467,0.9325372
0.7820876867182636,0.47991022
0.2162231084696359,0.5227247
0.6986549619827738,0.2538076
0.0666913744986722,0.2692799
0.24832983330398156,0.32419392
0.6400373552459969,0.15932111
0.4233757578374354,0.16039796
0.7654259789960698,0.23659134
0.6488516414440387,0.37495336
0.10385343004317084,0.44955385
0.5298196632393151,0.39666077
0.40587663879956104,0.34624222
0.6139552801125038,0.43266565
0.35682388034064716,0.3479194
0.21808936949852098,0.3329985
0.4207142456916828,0.29409036
0.18908406974955164,0.26120555
0.732749974346986,0.3609683
0.6313444199425339,0.2982678
0.305247756179939,0.27195287
0.18805223150293962,0.30620694
0.675764416294387,0.23381022
0.2866365793145011,0.3899022
0.6841392345258681,0.3488513
0.22664943869490678,0.3196208
0.38413433787546,0.3746409
0.6039482573762532,0.24941246
0.3628642868226713,0.27792892
0.6176691809179636,0.38161978
0.3703737882968942,0.42790732
0.2962658161431724,0.19225937
0.441402700563613,0.20211098
0.4189105854020712,0.42918524
0.2999548072612431,0.48575792
0.43136630015122013,0.79618824
0.775797993752577,0.5864958
0.3215836241274623,0.52583665
0.07165063300921383,0.5014753
0.6916696796167354,0.32734537
0.2985200939688531,0.21382819
0.3999912108479485,0.18056874
0.44149970192666554,0.3065409
0.4130902886511788,0.3782295
0.12921173148000617,0.3352289
0.15906469462968736,0.22201122
0.47052935206599844,0.10300324
0.34151548423615646,0.44702166
0.6859025213450058,0.37794897
0.5097175267423849,0.32753387
0.5598413881204429,0.40144092
0.3215836241274623,0.527754
0.7134081662190173,0.45842594
0.31040326692833675,0.422202
0.2784882183759212,0.40663815
0.09844007281325245,0.3538448
0.36795607254228735,0.32306898
0.15367147444923945,0.17686066
0.6285833968877294,0.42873004
0.4550533135719861,0.37266678
0.09007820411355173,0.4423254
0.5425895420587661,0.21372722
0.6571785376220488,0.22806114
1.0172872599213991,0.3815533
0.87978957831308,0.39610276
0.2162231084696359,0.34612295
0.2962658161431724,0.20643905
0.47016917318141926,0.32186133
0.10105003023674462,0.43303514
0.2977148844245886,0.49417228
0.09844007281325245,0.3944793
0.18805223150293962,0.59430796
0.12921173148000617,0.47405484
0.6867736910902534,0.27138215
0.12921173148000617,0.2333707
0.6506993118069949,0.23922753
0.2268682998203706,0.32303855
0.49093924590961485,0.45118135
0.8774964781672765,0.50250447
0.7677774148842399,0.3674603
0.16775740132126676,0.27561885
0.21967435358599058,0.32465568
0.3710099251410872,0.4177918
0.6912792114326207,0.41013837
0.03529430273249757,0.37537736
0.7262650132541573,0.47741768
0.5047700096699128,0.24216391
0.5655716714931598,0.25574476
0.6223873041676561,0.24572454
0.7209833298785271,0.46101853
0.6667680393139648,0.31719005
0.38817644306320126,0.48248324
0.14729973225759518,0.40348285
0.0666913744986722,0.41701546
0.5392481312732462,0.3311071
0.5839478885949534,0.33201984
0.033901551675681284,0.26858038
0.8928769034166022,0.31545106
0.3539625352414121,0.49500605
0.34333943322226856,0.39289626
0.4249290048758483,0.34981403
0.1003767409887836,0.39507523
0.05379223777272648,0.38415492
0.19710974710575888,0.33934194
0.8028485866409368,0.3843062
0.13926994093283918,0.23251626
0.669302312331791,0.21869266
0.20040348014552922,0.36873195
0.5645298027378518,0.39930388
0.033901551675681284,0.14638655
0.17844825212573434,0.37143525
0.23373717761088228,0.40145022
0.3559988958252768,0.5140152
0.0666913744986722,0.37056872
0.8584837283398694,0.38668686
0.7442306184619423,0.32789963
0.7106232526979009,0.28580856
0.6029960835656478,0.36461505
0.7632856355963517,0.36270982
0.0666913744986722,0.51290834
0.03531028001641042,0.4731979
0.2986222781845651,0.31946674
0.7436412083084197,0.386035
0.3073369662946997,0.42292678
0.28226741561865115,0.46227908
0.09205748272421513,0.29487652
0.4893268290729387,0.28637818
0.15906469462968736,0.36583683
0.6907317659775832,0.3089896
0.9038875209044124,0.17198469
0.461345566502621,0.21660557
0.7299759729981578,0.21201107
0.12921173148000617,0.24994229
0.5009754905226712,0.25270247
0.34627623671783375,0.2992237
0.09844007281325245,0.27943167
0.461345566502621,0.24250941
0.6130521019298535,0.3404408
0.4299365581291086,0.2712174
0.34627623671783375,0.34331468
0.27029032973991174,0.45334923
0.7833746148195015,0.5231157
0.15906469462968736,0.4586053
0.6907763737548132,0.33406222
0.47047979217665886,0.3827007
0.09844007281325245,0.2879861
0.44548130915235135,0.20805827
0.48614596984056085,0.2487609
0.3273519847059455,0.40242
0.1959909773507601,0.47781885
0.41963186154927135,0.4008247
0.4393666597838457,0.26211414
0.7397727677451198,0.355698
0.31764063309444335,0.65375763
0.5012515366416342,0.63860875
0.5385432575776745,0.27115515
0.787903601365948,0.29136264
0.8835801925494179,0.2634586
0.15906469462968736,0.37055716
0.6734022044883107,0.4230801
0.4393666597838457,0.28731114
0.09844007281325245,0.37776285
0.5806939939577399,0.29264185
0.336106427686055,0.14964363
0.39308912020244685,0.47201467
0.34161841651556996,0.42094123
0.5246541429496279,0.63157094
0.16214799056615797,0.4138835
0.18805223150293962,0.4528421
0.2919447776398883,0.4741253
0.6580558607486753,0.3034192
0.22079277116615365,0.29741177
0.555471384408817,0.25174415
0.9703560418821886,0.12136256
0.61340352490693,0.20774847
0.5747648660114072,0.44679093
0.6185720143898301,0.31083757
0.5891348261690432,0.19412231
0.40487139043269804,0.3319844
0.0888376439153663,0.72089726
0.3346544264818082,0.8575094
0.0845730568247997,0.41197857
0.20091011080609444,0.45394328
0.24362208265775037,0.29937097
0.3757407814695231,0.32316452
0.8029880014622365,0.389558
0.27029032973991174,0.46108514
0.19217932578884353,0.32698455
0.2962658161431724,0.28073916
0.5260964709370263,0.25417787
0.604754196676065,0.24121644
0.15906469462968736,0.30167314
0.7353543759405783,0.29605982
0.3269837823884058,0.18912977
0.461345566502621,0.19456616
0.7462262058036049,0.3728162
0.3752145210954055,0.33892706
0.38394751362107477,0.31248513
0.6421491293554445,0.31015587
0.12921173148000617,0.24747609
0.15906469462968736,0.6744588
0.34627623671783375,0.34992215
0.7109831013527611,0.37672466
0.15906469462968736,0.21398616
0.838948986529275,0.369729
0.2962658161431724,0.5214645
0.5842068654383312,0.4031269
0.6646339817357204,0.47249877
0.6216882165778004,0.432547
0.1872647106355503,0.24767068
0.8001399700258548,0.3861197
0.77004632845451,0.5198666
0.5748020255495294,0.25145793
0.12921173148000617,0.32228044
0.5132099158136113,0.71334434
0.6518177731786794,0.5656343
0.5955459182525379,0.4583974
0.5493813191214729,0.28452465
0.0,0.3413428
0.421476745088544,0.4628173
0.4207135573025708,0.65699565
0.6389429751897604,0.35788307
0.7307799213782378,0.24718936
0.17466290711662794,0.40579858
0.5496007443639074,0.34938765
0.6809833920370346,0.2896945
0.11434489493106952,0.38497522
0.2131026816313081,0.3280304
0.6789806879148435,0.33083463
0.5355877866713342,0.3426518
0.22913245963561696,0.5468221
0.41689380393178715,0.35864717
0.1672753234171195,0.66544306
0.7859902228743133,0.31427664
0.699366886989688,0.35141256
0.41689380393178715,0.2478321
0.1661015368766607,0.31817067
0.5839478885949534,0.22342996
0.056249865337534205,0.19711615
0.45912817712178466,0.2269192
0.5651400743107241,0.3277726
0.5424837133447715,0.39885607
0.07614582814929097,0.31050432
0.7462447576769741,0.44935772
0.0666913744986722,0.31878716
0.6821643940853154,0.4522901
0.12921173148000617,0.36586207
0.21754084094098947,0.41091958
0.4739565167633482,0.3703242
0.0,0.25038534
0.6656209767310314,0.2683452
0.3748438669857968,0.253929
0.47424273957440927,0.30616334
0.5862046481390567,0.2790851
0.5298207581035042,0.3256571
0.2709159297430575,0.44848758
0.3083268895539647,0.23346305
0.2162231084696359,0.21924362
0.36169360870157746,0.35348064
0.5297279992304028,0.33204198
0.6494998928316442,0.3552858
0.2690491413915683,0.43719694
0.6216882165778004,0.34214482
0.2162231084696359,0.23102525
0.25246380254989886,0.2947048
0.18805223150293962,0.32255435
0.8951670009781962,0.28616184
0.4548042244076371,0.27289718
0.476119325675685,0.28465635
0.12921173148000617,0.28494385
0.395019907765771,0.23528263
0.544727175441672,0.23330528
0.0,0.3116214
0.4865968869277403,0.29665443
0.45062203556431785,0.16580912
0.7412658191121022,0.37168872
0.7241556227335033,0.42940277
0.3692755949116426,0.3256622
0.18266155987002278,0.19685163
0.12921173148000617,0.17351572
0.9978399381332516,0.6691603
0.6965721682143614,1.0709951
0.20995794776813737,0.37891194
0.6352964865939354,0.25055572
0.584577373410086,0.21526983
0.3582152395337225,0.33598477
0.6436843461251275,0.21710351
0.6705795500981816,0.37116268
0.6796607851653464,0.5467987
0.2339274949077266,0.3990426
0.09074150666175185,0.34160268
0.17765603499187343,0.4596499
0.7871979173034138,0.36867028
0.3215836241274623,0.18618134
0.7242355034940334,0.29649243
0.613528343002254,0.32614765
0.5011500176755589,0.44573712
0.5503766267427346,0.42638138
0.0666913744986722,0.36672547
0.056918362018123725,0.30083212
0.3222922194425973,0.39990237
0.4778773284988316,0.7326046
0.7896342489169798,0.5552714
0.3939042857070884,0.46606877
0.5545400481967138,0.4613209
0.3939042857070884,0.42667645
0.0666913744986722,0.4250942
0.6006469634138694,0.38821694
0.4263477650480085,0.31176612
0.8310354047236677,0.38187417
0.709598045675429,0.2781199
0.27029032973991174,0.34245226
0.34627623671783375,0.28505003
0.5691094622299007,0.24195105
0.4879361115195409,0.36275837
0.3144521175374026,0.41149032
0.6580558607486753,0.3452265
0.12435833017218505,0.29578865
0.6107019727728394,0.23880132
0.7254004673465277,0.3257646
0.6580558607486753,0.4047321
